{"content": "'查杀'是什么意思？", "summary": "在夜晚被预言家查验身份时查验出来的狼人玩家 。"}
{"content": "'金水'是什么意思？", "summary": "在夜晚被预言家查验身份时查验出来或因骑士决斗而表明身份的好人玩家。"}
{"content": "'银水'是什么意思？", "summary": "在夜晚被用解药救活的玩家。"}
{"content": "什么是前置位？", "summary": "指在某个发言之前已经发言的玩家的位置，即发言顺序在自己前面的玩家的位置。"}
{"content": "什么是后置位？", "summary": "指在某个发言之后还未发言的玩家的位置，即发言顺序在自己后面的玩家的位置。"}
{"content": "什么是起跳？", "summary": "指在狼人杀游戏中，玩家声称自己是某种身份，通常是在游戏开始后的第一轮发言中进行。"}
{"content": "什么是对跳？", "summary": "在前置位已经有玩家起跳某种身份的情况下，某玩家同时起跳该身份。"}
{"content": "什么是自刀？", "summary": "狼人在夜晚击杀环节为达到某种战术目的击杀自己或狼同伴。"}
{"content": "什么是空刀？", "summary": "狼人在夜晚击杀环节未选择击杀任何玩家。"}
{"content": "什么是归票？", "summary": "末置位发言的玩家在发言即将结束时号召放逐某位玩家。"}
{"content": "什么是冲票？", "summary": "冲票是指狼人在放逐投票阶段同时放逐某位玩家。"}
{"content": "什么是表水？", "summary": "表水是指在自己的身份被质疑时，通过发言表述自己的逻辑，使场上的其他玩家消除质疑。"}
{"content": "什么是爆水？", "summary": "爆水是指平民在表水时展露出明显的平民视角而被全场好人认出。"}
{"content": "什么是上警？", "summary": "上警是指第一天白天举手参与竞选警长竞争警徽的行为。"}
{"content": "什么是警上？", "summary": "警上是指参与了警长竞选的玩家。"}
{"content": "什么是警下？", "summary": "警下是指没有参加竞选警长的玩家。"}
{"content": "什么是警徽流？", "summary": "警徽流是指警徽的流向，通常是指预言家在游戏中提前说明晚上的验人顺序，以避免被杀或者无法发言。在标准局中，警徽流一般会留两夜。"}
{"content": "什么是撕警徽？", "summary": "撕警徽是指通过投票将警长放逐出局的行为。在狼人杀等游戏中，玩家可以在白天进行投票，决定是否将某个玩家放逐出局。如果警长被放逐，就可以用撕警徽来形容这一行为。"}
{"content": "什么是吞警徽？", "summary": "吞警徽是指在狼人杀等游戏中，如果在警上竞选警长发言阶段有狼自爆，则本局游戏将没有警徽。"}
{"content": "什么是退水？", "summary": "退水是指在狼人杀等游戏中，竞选警长的玩家在警上发言完毕之后决定退出竞选的行为。"}
{"content": "什么是“反水”？", "summary": "一般指预言家给你金水但是你不认这个预言家，不接金水而且反对他的行为，称为“反水”。"}
{"content": "什么是“反水立警”？", "summary": "警上A玩家跳预言家给B玩家发金水，B玩家选择跳预言家竞选警长，则称B玩家行为为“反水立警”（一般玩家反水立警不退为真预言家，被反水则多为狼人）。"}
{"content": "什么是“真金水”？", "summary": "确定的真预言家验出的好人。"}
{"content": "什么是“双金水”？", "summary": "真假预言家都给同一个玩家发金水，则称为双金水（双金水为铁好人）。"}
{"content": "什么是“双查杀”？", "summary": "真假预言家都给同一个玩家发查杀，则称为双查杀（双查杀为铁狼）。"}
{"content": "什么是“悍跳”？", "summary": "悍跳是指狼人比较强悍地冒认某种身份牌，例如狼人假装成预言家，则称为悍跳预言家。"}
{"content": "什么是“场外”？", "summary": "场外指与游戏无关的一些因素，例如夜晚的动静等。"}
{"content": "什么是“自爆”？", "summary": "自爆是指在狼人游戏中，某个玩家承认自己是狼，并要求法官终止发言，立即进入夜晚。自爆的玩家通常会获得指刀的权利，可以在当晚指定要杀的玩家。"}
{"content": "什么是“屠城”？", "summary": "屠城是指在狼人游戏中，狼人或好人某一方全部出局，导致游戏立即结束的情况。当一方人数被消灭殆尽，游戏也就结束了，另一方获得胜利。"}
{"content": "'屠边'是什么意思？", "summary": "狼人、村民、神民某一边全部出局，游戏结束。"}
{"content": "什么是'倒牌'？", "summary": "死亡或者被放逐，出局。"}
{"content": "什么是'遗言'？", "summary": "死后的发言。"}
{"content": "什么是'末置位'或者'归票位'？", "summary": "同一轮里最后一位发言的玩家。"}
{"content": "什么是'PK'？", "summary": "在投票环节出现两个平票玩家，则该二位玩家进行多一轮发言，其余玩家进行投票，并只能在其中选择，此二位玩家行为称之为PK。"}
{"content": "什么是'失联/黑麦/段麦'？", "summary": "失联/黑麦/段麦是网杀游戏中的术语，指参与游戏的玩家不在局或者发言听不到的情况。"}
{"content": "什么是'首刀'？", "summary": "指在第一夜里狼人进行的第一次杀害行动。"}
{"content": "'首验'是什么意思？", "summary": "第一夜里预言家的验人。"}
{"content": "什么是首刀保护？", "summary": "首刀保护是指在狼人杀游戏中，第一局游戏被首刀的玩家，在第二局游戏中不能再次成为首刀对象。"}
{"content": "什么是首验保护？", "summary": "首验保护是指在狼人杀游戏中，第一局游戏被首次验人的玩家，在第二局游戏中不能再次成为首次验人的对象。"}
{"content": "什么是续刀？", "summary": "在狼人杀游戏中，如果在前一晚狼人没有杀死某位玩家，第二晚可以选择续刀该玩家，这就是续刀。"}
{"content": "什么是指刀/点刀？", "summary": "在狼人杀游戏中，指刀/点刀是指狼人通过指挥队友刀某位玩家，或者是在白天自爆后获得当晚指定杀某位玩家的权利。"}
{"content": "什么是刀法？", "summary": "狼人晚上刀人的一个行为逻辑。"}
{"content": "什么是交刀？", "summary": "狼人见大势已去选择认输，放弃比赛。"}
{"content": "平安夜是什么意思？", "summary": "当天夜里无人死亡。"}
{"content": "什么是空守？", "summary": "守卫选择不守任何人。"}
{"content": "什么是同守同救？", "summary": "狼人刀中守卫守护的玩家，同时女巫使用解药救该名玩家。（同守同救死亡）"}
{"content": "什么是盲毒？", "summary": "在所有玩家没有发言过的情况下，女巫对一个身份未知的玩家使用毒药。"}
{"content": "什么是骗药？", "summary": "骗药是指使用方法套路让女巫用错解药的行为"}
{"content": "什么是撒毒？", "summary": "撒毒是指女巫夜里使用毒药的行为。"}
{"content": "什么是可乐？", "summary": "在狼人杀游戏中，可乐通常指女巫的毒药。"}
{"content": "验尸官是什么意思？", "summary": "预言家验的玩家刚好被刀死。"}
{"content": "什么是票型？", "summary": "投票的情况。"}
{"content": "什么是票死/投死？", "summary": "指白天公投环节吃到最多票的玩家被放逐出局。"}
{"content": "什么是“分票”？", "summary": "指好人势力没有统一举票同一名玩家，而分投多名玩家。"}
{"content": "什么是“拉票”？", "summary": "争取其他玩家的票。"}
{"content": "什么是“压票”？", "summary": "指在狼人阵营中，将好人的票压下去，以此来增加狼人的得票数，促使狼人获胜。"}
{"content": "什么是“放票”？", "summary": "指在游戏中弃掉自己的选票，不投给任何一名玩家。"}
{"content": "什么是“查票”？", "summary": "指在游戏中查看已经投出的选票的情况，以了解各个玩家的得票数"}
{"content": "什么是“踩”？", "summary": "指出某个玩家发言不好的地方，做低其身份。"}
{"content": "污/脏是指什么？", "summary": "诬陷某个玩家，做低该玩家的身份。"}
{"content": "什么是抗推？", "summary": "多指好人在白天被公投出局，相当于为狼人扛了白天的一推。"}
{"content": "什么是深推？", "summary": "预言家死亡，而局势、身份尚未明朗，只能依靠猜测来进行投票推人。"}
{"content": "什么是挡刀？", "summary": "多指村民假装有身份或者跳出神的身份吸引狼人刀自己，从而保护神民。"}
{"content": "什么是捞？", "summary": "指为发言不好的玩家开脱，避免其被抗推的发言行为。也指女巫夜间救人的行为。"}
{"content": "什么是穿衣服？", "summary": "在狼人杀中，指身份，比如一个民跳女巫的身份，则称穿女巫的衣服。"}
{"content": "什么是脱衣服？", "summary": "在狼人杀中，指不认神的身份。"}
{"content": "什么是自证身份？", "summary": "在狼人杀中，指可以用技能证实自己的身份。"}
{"content": "什么是划水？", "summary": "在狼人杀中，指不怎么发言或者发言没有信息没有意义。"}
{"content": "什么是狼坑？", "summary": "在狼人杀中，指狼人的位置、号码。"}
{"content": "什么是聊爆/爆狼发言？", "summary": "在狼人杀中，指玩家在发言中，不经意的暴露自己的狼人身份。"}
{"content": "什么是裸打？", "summary": "在狼人杀中，指亮明自己的身份来玩。"}
{"content": "什么是四狼裸坐？", "summary": "在狼人杀中，指四名狼人直接不刻意隐藏身份，不采取深水狼、倒钩狼等策略，集体站在同一阵营，公开亮明身份，并采取冲票等战术。"}
{"content": "什么是对话？", "summary": "在狼人杀中，指发言的时候刻意说给某个玩家听，但被对话的玩家不能回答的情况。"}
{"content": "什么是贴脸？", "summary": "在狼人杀中，指通过非逻辑的方式使自己在游戏过程中获益的发言。这种发言通常是为了误导其他玩家或者引导投票，而不是基于游戏逻辑或者真实情况的判断。常见的贴脸方式包括情感绑定、罗列个人经历、打情骂俏等。"}
{"content": "什么是带走？", "summary": "在狼人杀中，指有身份的牌发动技能，使其他玩家出局的情况。"}
{"content": "什么是开枪？", "summary": "在狼人杀中，开枪通常指猎人在死亡时发动技能，带走一名玩家。"}
{"content": "颜杀是什么意思？", "summary": "未发言或者发言没有信息点的情况下，通过表情反应直接判断玩家身份。"}
{"content": "什么是打煽动？", "summary": "打煽动是一种狼人杀游戏中的策略，其方法是通过强势煽动好人帮忙投票，一般方法是给一个好人对话，保证他的身份，用逻辑保证他的投票行为符合狼人利益。"}
{"content": "什么是推？", "summary": "在狼人杀游戏中，推是指在白天的投票环节中选举一个人出局。晚上，狼队商量时，可以比较号数，然后做出推的手势，表示推选的人是不挂身份的牌，并且可以将其推出局。"}
{"content": "什么是抿爆？", "summary": "在狼人杀游戏中，抿爆是指通过强行抿问别人的身份，最后对方心理承受不住而自爆。例如，面杀可能仅仅相互对视一笑，对方就自爆了；网杀则多是通过聊天发言刺激对方自爆。"}
{"content": "什么是爆刀/拍刀？", "summary": "在狼人杀游戏中，爆刀/拍刀是指狼人在自认为要被投票出局的情况下，选择自爆点刀，将自己带走并杀害另一名玩家。如果有白狼王在游戏中，他可以直接使用技能将某个玩家带走，称为直接爆刀。"}
{"content": "什么是强神？", "summary": "在狼人杀游戏中，强神通常指女巫和猎人这两个角色。"}
{"content": "什么是弱神？", "summary": "在狼人杀游戏中，弱神通常指白痴这个角色。白痴是一个非常特殊的角色，他的特殊之处在于他不能说话和投票，并且他不知道自己的身份。因此，白痴在游戏中很难发挥作用，被认为是一个相对较弱的角色，因此被称为弱神。"}
{"content": "什么是枪？", "summary": "指猎人。"}
{"content": "推不出去的牌是什么？", "summary": "白痴。"}
{"content": "蛋牌是什么？", "summary": "平民牌。"}
{"content": "先知是什么？", "summary": "预言家。"}
{"content": "爱神是什么？", "summary": "丘比特。"}
{"content": "混混是什么？", "summary": "混血儿。"}
{"content": "愚民指的是什么？", "summary": "愚民指的是看不清局势、乱投票的村民。"}
{"content": "乱民/暴民指的是什么？", "summary": "乱民/暴民指的是通过发言或者某些行为来搅乱局势的村民。"}
{"content": "民及民以上指的是什么？", "summary": "民及民以上指的是身份为民或者神。"}
{"content": "民及民以下指的是什么？", "summary": "民及民以下指的是身份为民或者狼。"}
{"content": "铁好人指的是什么？", "summary": "铁好人指的是在狼人杀游戏中，某位玩家被认为是必定是好人的称呼。"}
{"content": "抿身份是指什么？", "summary": "在狼人杀游戏中，抿身份是指试探并猜测出某个玩家的身份，例如抿神即试图猜测出某位玩家是否是神职身份。"}
{"content": "什么是炸身份？", "summary": "炸身份是通过某些特定的假设行为，来试探某名玩家的身份，如其他身份警上跳预言家发后置位查杀，试探其反应。"}
{"content": "第三方是什么意思？", "summary": "第三方指除了好人阵营和狼人阵营之外的其它阵营，一般存在与人狼恋、吹笛者等等。"}
{"content": "什么是殉情？", "summary": "在丘比特局中，殉情指情侣的一方死亡，另外一方也跟着出局。"}
{"content": "什么是链子？", "summary": "链子指有丘比特的局中被连成情侣的两名玩家，比如：5号8号为链子。"}
{"content": "什么是榜样？", "summary": "在野孩子的局中，玩家会认定一名榜样。当榜样死亡时，野孩子会变为带刀狼。"}
{"content": "什么是铁狼？", "summary": "铁狼是指在狼人游戏中，某位玩家被认定为必定是狼的情况。"}
{"content": "什么是隐狼？", "summary": "一般指隐藏着的狼，游戏前半段都没暴露，类似深水狼。"}
{"content": "深水狼是什么意思？", "summary": "深水狼指的是在游戏中隐藏得很深，没有把自己做成焦点牌的狼。"}
{"content": "什么是浅水狼？", "summary": "浅水狼指的是在游戏中被众人怀疑的狼牌，发言小爆，可以推，是焦点牌。"}
{"content": "什么是金刚狼？", "summary": "金刚狼指的是在游戏中全场人好身份的狼牌，是焦点牌，但是大家对你深信不移，三头深水狼不如一头金刚狼。"}
{"content": "什么是悍跳狼？", "summary": "悍跳狼指的是在游戏中起来跳预言家的狼，狼不跳则预输一半。对于狼队来说，单边预言是不利的。"}
{"content": "什么是倒钩狼？", "summary": "倒钩狼指的是在游戏中身为狼队却站队真预言家的狼。"}
{"content": "什么是狼金狼？", "summary": "狼金狼指的是在游戏中狼队中有一人悍跳预言家，发给一个视野内的好人牌金水，在警徽流中埋下狼队友，也可在警徽流中先不留，听到警下发言时，再更换警徽流时加入狼队友。或者给狼队打倒勾，不站边自己的狼队友发金水做身份。"}
{"content": "什么是狼狼金？", "summary": "狼狼金指的是在游戏中狼队中有一人悍跳预言家，发给自己狼队友金水，即狼人与狼人互发金水。"}
{"content": "什么是狼踩狼？", "summary": "狼踩狼指的是在游戏中两张非悍跳预言家狼牌之间互踩，大部分因为号码位置接近而采取的一种方法。但不绝对，也可能隔空互踩，形成不共边的对立面假象。倒勾狼与悍跳狼队预言家也是一种狼踩狼。"}
{"content": "什么是倒勾？", "summary": "倒勾指的是在游戏中狼队站队真预言家队伍的行为。通过发言、投票、互踩甚至出卖自己狼队给自己做身份，站队真预言家队伍，即把自己不当狼，完全当做好人牌来打。"}
{"content": "什么是阴阳倒勾？", "summary": "阴阳倒勾指的是在游戏中狼队友悍跳预言家发狼队友查杀，狼队友死站另外一个预言家的边，并且跳猎人，死踩自己的狼队友，最终跳猎人的狼队友肯定会被真猎人归出局或者被真猎人带走，好人知道这个狼队友是铁狼以后，会死站边自己的狼队友悍跳预言家，从而使狼队获得胜利。"}
{"content": "什么是做好？", "summary": "做好指的是在狼人杀游戏中，通过发言表现让其他玩家相信自己是好人，从而保护自己和自己的盟友，同时获得好人的信任，进一步获取更多的信息和掌握游戏节奏。"}
{"content": "什么是做坏/不做好？", "summary": "做坏/不做好指的是在狼人杀游戏中，玩家发言表现增大了自己是狼人的嫌疑。"}
{"content": "什么是狼枪？", "summary": "白狼王或狼王。"}
{"content": "什么是铜水？", "summary": "守卫守住的玩家。"}
{"content": "金银双水/金银花露水是什么？", "summary": "预言家查验为好人，且女巫晚上救下的玩家。"}
{"content": "预言家面代表什么含义？", "summary": "代表该玩家是预言家的可能性。"}
{"content": "什么是踩钢板？", "summary": "一般指狼人悍跳预言家报查验时，查杀到了女巫或者猎人，偶尔指查杀到了白痴或者把金水给了真预言家。"}
{"content": "什么是扛推？", "summary": "扛推是指好人在发言或行为上出现问题，被误认为是狼人，从而被投票出局。"}
