{"content": "前提：查杀：在夜晚被预言家查验身份时查验出来的狼人玩家。  问题：['查杀是什么意思呢？', '查杀是好人玩家吗？', '查杀只能被预言家查验吗？']  答案：", "summary": "['查杀是在夜晚被预言家查验身份时查验出来的狼人玩家。', '不是，查杀是狼人玩家。', '是的，查杀只能被预言家查验。']"}
{"content": "前提：金水：在夜晚被预言家查验身份时查验出来或因骑士决斗而表明身份的好人玩家。  问题：['金水是什么意思？', '金水是狼人吗？', '金水只能被预言家查验吗？']  答案：", "summary": "['金水是在夜晚被预言家查验身份时查验出来或因骑士决斗而表明身份的好人玩家。', '不是，金水是好人玩家。', '不是，金水还可以因骑士决斗而表明身份。']"}
{"content": "前提：银水：在夜晚被用解药救活的玩家。  问题：['银水是什么意思呢？', '银水是狼人吗？', '银水只能被用解药救活吗？']  答案：", "summary": "['银水是在夜晚被用解药救活的玩家。', '不是，银水是好人玩家。', '不是，银水只是在夜晚被用解药救活的玩家。']"}
{"content": "前提：前置位：发言顺序在自己前面的玩家。  问题：['什么是前置位？', '前置位是什么意思？', '前置位是狼人吗？']  答案：", "summary": "['前置位是指发言顺序在自己前面的玩家。', '前置位是指在自己前面发言的玩家。', '前置位不一定是狼人。']"}
{"content": "前提：后置位：发言顺序在自己后面的玩家。  问题：['什么是后置位？', '后置位是好人还是狼人？', '后置位的玩家发言顺序是怎样的？']  答案：", "summary": "['后置位是指发言顺序在自己后面的玩家。', '后置位既有好人也有狼人。', '后置位的玩家发言顺序是在自己之后。']"}
{"content": "前提：起跳：玩家声称自己是某种身份。  问题：['起跳是什么意思呢？', '起跳是什么时候使用的？', '起跳可以用来做什么？']  答案：", "summary": "['起跳是玩家声称自己是某种身份。', '起跳可以在任何时候使用。', '起跳可以用来表明自己的身份。']"}
{"content": "前提：对跳：在前置位已经有玩家起跳某种身份的情况下，某玩家同时起跳该身份。  问题：['什么是对跳？', '对跳是什么情况下发生的？', '对跳会导致什么结果？']  答案：", "summary": "['对跳是指在前置位已经有玩家起跳某种身份的情况下，某玩家同时起跳该身份。', '对跳是在前置位已经有玩家起跳某种身份的情况下，另一位玩家也起跳该身份。', '对跳会导致该身份的两位玩家都失去该身份。']"}
{"content": "前提：自刀：狼人在夜晚击杀环节为达到某种战术目的击杀自己或狼同伴。  问题：['什么是自刀？', '狼人为什么会自刀？', '自刀会对游戏产生什么影响？']  答案：", "summary": "['自刀是狼人在夜晚击杀环节为达到某种战术目的击杀自己或狼同伴。', '狼人会自刀是为了混淆好人玩家的判断，或者为了保护其他狼人。', '自刀会使得狼人阵营失去一名成员，同时也会增加好人玩家的胜率。']"}
{"content": "前提：空刀：狼人在夜晚击杀环节未选择击杀任何玩家 。  问题：['什么是空刀？', '狼人为什么会空刀？', '空刀会对游戏产生什么影响？']  答案：", "summary": "['空刀是狼人在夜晚击杀环节未选择击杀任何玩家。', '狼人可能会选择空刀来混淆好人玩家的判断。', '空刀会让好人玩家难以判断狼人的身份，增加游戏的难度。']"}
{"content": "前提：冲票：狼人在放逐投票阶段同时放逐某位玩家。  问题：['什么是冲票？', '狼人为什么会冲票？', '冲票会导致什么结果？']  答案：", "summary": "['冲票是狼人在放逐投票阶段同时放逐某位玩家。', '狼人会冲票来混淆好人的视线，让好人误判。', '冲票可能导致好人被误判，或者狼人成功藏匿身份。']"}
{"content": "前提：表水：在自己的身份被质疑时，通过发言表述自己的逻辑，使场上的其他玩家消除质疑。  问题：['表水是什么意思呢？', '表水是狼人吗？', '表水的作用是什么？']  答案：", "summary": "['表水是在自己的身份被质疑时，通过发言表述自己的逻辑，使场上的其他玩家消除质疑。', '不是，表水是好人玩家。', '表水的作用是消除其他玩家对自己身份的质疑。']"}
{"content": "前提：爆水：平民在表水时展露出明显的平民视角而被全场好人认下。  问题：['爆水是什么意思呢？', '爆水是狼人吗？', '爆水是怎么被认出来的？']  答案：", "summary": "['爆水是平民在表水时展露出明显的平民视角而被全场好人认下。', '不是，爆水是平民。', '爆水是通过展露出明显的平民视角被认出来的。']"}
{"content": "前提：上警：指第一天白天举手参与竞选警长竞争警徽的行为。  问题：['上警是什么意思？', '上警是什么行为？', '什么时候可以上警？']  答案：", "summary": "['上警指第一天白天举手参与竞选警长竞争警徽的行为。', '上警是举手参与竞选警长的行为。', '只有在第一天白天才可以上警。']"}
{"content": "前提：警上：指参与了警长竞选的玩家。  问题：['什么是警上？', '警上可以参与什么竞选？', '警上是狼人吗？']  答案：", "summary": "['警上指参与了警长竞选的玩家。', '警上可以参与警长竞选。', '不是，警上不是狼人。']"}
{"content": "前提：警下：指没有参加竞选警长的玩家。  问题：['什么是警下？', '警下可以参加竞选警长吗？']  答案：", "summary": "['警下指没有参加竞选警长的玩家。', '不可以，警下不能参加竞选警长。']"}
{"content": "前提：警徽流：即警徽的流向，指预言家为了防止夜间被杀或者第二天狼自爆无法发言，提前说明晚上的验人顺序，标准局警徽流一般留两夜。  问题：['什么是警徽流？', '警徽流的作用是什么？', '标准局警徽流一般留几夜？']  答案：", "summary": "['警徽流是指预言家为了防止夜间被杀或者第二天狼自爆无法发言，提前说明晚上的验人顺序。', '警徽流的作用是为了保证预言家能够在夜晚安全地验人，并且在第二天能够发表验人结果。', '标准局警徽流一般留两夜。']"}
{"content": "前提：撕警徽：通过投票将警长放逐出局的行为。  问题：['撕警徽是什么意思呢？', '撕警徽是狼人吗？', '撕警徽是什么行为？']  答案：", "summary": "['撕警徽是通过投票将警长放逐出局的行为。', '不是，撕警徽是好人玩家的行为。']"}
{"content": "前提：吞警徽：在警上竞选警长发言阶段有狼自爆，则本局游戏没有警徽。  问题：['什么是吞警徽？', '吞警徽会在什么情况下出现？', '警徽会因为什么原因消失？']  答案：", "summary": "['吞警徽是指在警上竞选警长发言阶段有狼自爆，导致本局游戏没有警徽。', '吞警徽会在警上竞选警长发言阶段有狼自爆时出现。', '警徽会因为有狼自爆而消失。']"}
{"content": "前提：反水：一般指预言家给你金水但是你不认这个预言家，不接金水而且反对他的行为，称为“反水”。  问题：['什么是反水？', '反水是什么行为？', '反水是指什么？']  答案：", "summary": "['反水一般指预言家给你金水但是你不认这个预言家，不接金水而且反对他的行为，称为“反水”。', '反水是指不接受预言家给的金水并反对预言家的行为。', '反水是一种不认可预言家身份的行为。']"}
{"content": "前提：反水立警：警上A玩家跳预言家给B玩家发金水，B玩家选择跳预言家竞选警长，则称B玩家行为为“反水立警”（一般玩家反水立警不退为真预言家，被反水则多为狼人）。  问题：['什么是反水立警？', '警上A玩家跳预言家给B玩家发金水，B玩家选择跳预言家竞选警长会被称为什么？', '反水立警的行为通常由谁来做？']  答案：", "summary": "['反水立警是指警上A玩家跳预言家给B玩家发金水，B玩家选择跳预言家竞选警长的行为。', '这种行为被称为反水立警。', '反水立警的行为通常由狼人来做。']"}
{"content": "前提：真金水：确定的真预言家验出的好人。  问题：['真金水是什么意思？', '真金水是好人还是狼人？', '真金水是怎么确定的？']  答案：", "summary": "['真金水是确定的真预言家验出的好人。', '真金水是好人。', '真金水是通过真预言家的验人结果确定的。']"}
{"content": "前提：双金水：真假预言家都给同一个玩家发金水，则称双金水（双金水为铁好人）。  问题：['什么是双金水？', '双金水是什么意思？', '双金水是好人还是狼人？']  答案：", "summary": "['双金水是真假预言家都给同一个玩家发金水的情况，被称为双金水。', '双金水意味着该玩家是铁好人。', '双金水是好人。']"}
{"content": "前提：双查杀：真假预言家都给同一个玩家发查杀，则称双查杀（双查杀为铁狼）。  问题：['什么是双查杀？', '双查杀是不是只有铁狼才能做？', '如果真假预言家都给不同的玩家发查杀呢？']  答案：", "summary": "['双查杀指真假预言家都给同一个玩家发查杀，此时该玩家为铁狼。', '是的，只有铁狼才能进行双查杀。', '如果真假预言家都给不同的玩家发查杀，则不会出现双查杀的情况。']"}
{"content": "前提：悍跳：指狼人比较强悍的冒认某种身份牌，比如狼人认预言家则称为，悍跳预言家。  问题：['悍跳是什么意思？', '什么是悍跳预言家？', '狼人可以悍跳哪些身份？']  答案：", "summary": "['悍跳是指狼人比较强悍的冒认某种身份牌。', '悍跳预言家是指狼人假扮成预言家的身份。', '狼人可以悍跳任何身份，不仅限于预言家。']"}
{"content": "前提：场外：指与游戏无关的一些因素，如夜晚的动静等。  问题：['场外是什么意思？', '场外与游戏有关吗？', '场外包括哪些因素？']  答案：", "summary": "['场外指与游戏无关的一些因素，如夜晚的动静等。', '不，场外与游戏无关。', '场外包括夜晚的动静等因素。']"}
{"content": "前提：自爆：承认自己是狼，然后让法官终止发言立即进入夜晚，并且有指刀权利。  问题：['什么是自爆？', '自爆是好人还是狼人？', '自爆有什么特殊权利吗？']  答案：", "summary": "['自爆是承认自己是狼，然后让法官终止发言立即进入夜晚，并且有指刀权利。', '自爆是狼人。', '自爆有指刀权利。']"}
{"content": "前提：屠城：狼人或者好人某一边全部出局，游戏结束。  问题：['屠城是什么意思呢？', '什么情况下游戏会结束？']  答案：", "summary": "['屠城是狼人或者好人某一边全部出局，游戏结束。', '游戏会在狼人或者好人某一边全部出局时结束。']"}
{"content": "前提：倒牌：死亡或者被放逐，出局。  问题：['什么是倒牌？', '倒牌是什么情况下会发生？', '倒牌意味着什么？']  答案：", "summary": "['倒牌是指死亡或者被放逐出局。', '倒牌会在玩家死亡或者被放逐时发生。', '倒牌意味着该玩家已经出局。']"}
{"content": "前提：遗言：死后的发言。  问题：['什么是遗言？', '谁可以发遗言？', '遗言是在什么时候发表的？']  答案：", "summary": "['遗言是死后的发言。', '只有在游戏中已经死亡的玩家可以发遗言。', '遗言是在游戏中已经死亡的玩家发表的。']"}
{"content": "前提：末置位/归票位：同一轮里最后一位发言的玩家。  问题：['末置位是什么意思呢？', '末置位是好人玩家吗？']  答案：", "summary": "['末置位是同一轮里最后一位发言的玩家。', '末置位可以是好人玩家，也可以是狼人玩家。']"}
{"content": "前提：PK：在投票环节出现两个平票玩家，则该二位玩家进行多一轮发言，其余玩家进行投票，并只能在其中选择，此二位玩家行为称之为PK。  问题：['PK是什么意思呢？', '什么情况下会出现PK？']  答案：", "summary": "['PK是在投票环节出现两个平票玩家时，这两位玩家进行多一轮发言，其余玩家进行投票并只能在其中选择的行为。', 'PK会在投票环节出现两个平票玩家时出现。']"}
{"content": "前提：失联/黑麦/段麦：指网杀中参与游戏的玩家不在局或者发言听不到的情况。（网杀）  问题：['失联是什么意思呢？', '黑麦是什么？', '段麦是什么？', '失联是网杀中的什么情况？', '参与游戏的玩家为什么会失联？']  答案：", "summary": "['失联指网杀中参与游戏的玩家不在局或者发言听不到的情况。', '黑麦是指网杀中参与游戏的玩家因为黑屏或者网络问题而无法发言。', '段麦是指网杀中参与游戏的玩家因为麦克风问题而无法发言。', '失联是网杀中的一种情况，指参与游戏的玩家不在局或者发言听不到。', '参与游戏的玩家可能会因为网络问题、设备故障等原因失联。']"}
{"content": "前提：高贵：身份高贵，一般指神牌  问题：['高贵的身份指什么？', '高贵的身份是什么牌？']  答案：", "summary": "['高贵的身份一般指神牌。', '高贵的身份是神牌。']"}
{"content": "前提：做好做坏：就是一个人身份看上去好，看上去坏  问题：['做好做坏是什么意思？', '做好做坏是指什么身份？', '做好做坏的身份是好人还是狼人？']  答案：", "summary": "['做好做坏是指一个人身份看上去好，看上去坏。', '做好做坏的身份不确定，需要通过其他方式来判断。', '做好做坏的身份不确定，可能是好人也可能是狼人。']"}
{"content": "前提：挂相：面杀使用，面部表情，微表情。给你们一点点挂相学的经验：最先闭眼最后闭眼是身份牌，如果你看一个人早早把眼睛闭上，他不在你狼队你可以刀刀看。最后闭眼同理，他一直在抿身份，大概率功能牌。  问题：['挂相是什么？', '怎样通过挂相判断身份？', '挂相学有什么经验？']  答案：", "summary": "['挂相是面杀中使用的一种面部表情和微表情。', '通过观察一个人早早把眼睛闭上或最后才闭上可以判断他的身份。', '挂相学的经验是最先闭眼最后闭眼是身份牌，如果一个人一直抿着眼睛，大概率是功能牌。']"}
{"content": "前提：听感:网杀使用，听别人说话的声线，发言逻辑，是否找狼，有无严重逻辑漏洞，是否划水，是否身份很低，四处认好又不敢踩人，即显得自己民及民以下身份，也就是非民即狼。  问题：['听感是用来做什么的？', '听感可以用来找狼吗？', '听感可以判断发言逻辑吗？']  答案：", "summary": "['听感是用来网杀使用，听别人说话的声线，发言逻辑，是否找狼，有无严重逻辑漏洞，是否划水，是否身份很低，四处认好又不敢踩人，即显得自己民及民以下身份，也就是非民即狼。', '是的，听感可以用来找狼。', '是的，听感可以判断发言逻辑。']"}
{"content": "前提：心态：心理动机，一个人发言可以总结成短短几句话，看得出来他到底是为了什么说出这段话。  问题：['心态是什么意思？', '怎样才能看出一个人的心态？']  答案：", "summary": "['心态指的是一个人的心理动机。', '通过一个人的发言可以总结出他的心态。']"}
{"content": "前提：做规矩：把乱玩的人投票出局，让他知道他这种做法只会让好人血崩，不要蜜汁自信  问题：['什么是做规矩？', '做规矩的目的是什么？', '做规矩是为了什么？']  答案：", "summary": "['做规矩是把乱玩的人投票出局，让他知道他这种做法只会让好人血崩，不要蜜汁自信。', '做规矩的目的是让游戏更加公平，让好人有更大的胜算。', '做规矩是为了保障游戏的公正性和好人的利益。']"}
{"content": "前提：数据库:面杀或网杀一两局之后，对方的一些行为习惯，发言风格即上面提到的各点，你都会有一定的数据积累了，此时就形成了数据库。通过数据库推理此时对方身份，事半功倍。轻轻松松。网杀就是通过发言听感来推断。  问题：['什么是数据库？', '如何形成数据库？', '通过数据库可以推断对方身份吗？']  答案：", "summary": "['数据库是指面杀或网杀一两局之后，对方的一些行为习惯，发言风格等数据积累。', '通过面杀或网杀一两局之后，对方的一些行为习惯，发言风格等数据积累可以形成数据库。', '是的，通过数据库可以推断对方身份。']"}
{"content": "前提：首刀：第一夜里狼人的刀法。  问题：['首刀是什么意思呢？', '首刀是狼人吗？']  答案：", "summary": "['首刀是第一夜里狼人的刀法。', '是狼人的刀法。']"}
{"content": "前提：首验：第一夜里预言家的验人。  问题：['首验是什么意思呢？', '首验是在哪个阶段进行的？']  答案：", "summary": "['首验是第一夜里预言家的验人。', '首验是在第一夜进行的。']"}
{"content": "前提：首刀保护：第一局游戏被首刀的玩家，第二局游戏不能被再次首刀。  问题：['什么是首刀保护？', '谁会被首刀？', '第二局游戏谁不能再次被首刀？']  答案：", "summary": "['首刀保护是指第一局游戏被首刀的玩家，第二局游戏不能被再次首刀。', '第一局游戏被首刀的玩家会被首刀。', '第二局游戏被首刀的玩家不能再次被首刀。']"}
{"content": "前提：首验保护：第一局游戏被首验的玩家，第二局游戏不能被再次首验。  问题：['什么是首验保护？', '被首验的玩家有什么限制？', '第二局游戏能否再次首验被首验的玩家？']  答案：", "summary": "['首验保护是指第一局游戏被首验的玩家，第二局游戏不能被再次首验。', '被首验的玩家在第二局游戏中不能再次被预言家首验身份。', '第二局游戏不能再次预言家首验被首验的玩家。']"}
{"content": "前提：续刀：前一夜里没有杀死某位玩家，第二天夜里继续选择刀该玩家。  问题：['什么是续刀？', '续刀可以杀死哪些玩家？', '续刀是在哪个阶段使用的？']  答案：", "summary": "['续刀是前一夜里没有杀死某位玩家，第二天夜里继续选择刀该玩家的能力。', '续刀可以杀死任何玩家。', '续刀是在夜晚使用的。']"}
{"content": "前提：指刀/点刀：指挥队友刀某位玩家，白天自爆的狼人在当天夜里具有指定杀某位玩家的权利。  问题：['什么是指刀/点刀？', '指刀/点刀是狼人的技能吗？', '白天自爆的狼人有什么特殊权利？']  答案：", "summary": "['指刀/点刀是指挥队友刀某位玩家的技能。', '是，指刀/点刀是狼人的技能。', '白天自爆的狼人在当天夜里具有指定杀某位玩家的权利。']"}
{"content": "前提：交刀：狼人见大势已去选择认输，放弃比赛。  问题：['交刀是什么意思？', '狼人为什么会选择交刀？']  答案：", "summary": "['交刀是狼人见大势已去选择认输，放弃比赛。', '狼人会选择交刀是因为他们认为比赛已经无法赢得，所以选择放弃。']"}
{"content": "前提：平安夜：当天夜里无人死亡。  问题：['什么是平安夜？', '平安夜有哪些特点？', '平安夜会有人死亡吗？']  答案：", "summary": "['平安夜是指当天夜里无人死亡。', '平安夜的特点是夜晚没有任何人死亡。', '不会，平安夜是指当天夜里无人死亡。']"}
{"content": "前提：空守：守卫选择不守任何人。  问题：['什么是空守？', '空守是狼人吗？', '守卫为什么会选择空守？']  答案：", "summary": "['空守是守卫在夜晚选择不守任何人的行为。', '不是，空守是守卫的行为。', '守卫可能会选择空守来避免被狼人杀害。']"}
{"content": "前提：同守同救：狼人刀中守卫守护的玩家，同时女巫使用解药救该名玩家。（同守同救死亡）  问题：['同守同救是什么意思？', '同守同救会导致什么结果？', '女巫在同守同救中使用了什么药品？']  答案：", "summary": "['同守同救是狼人刀中守卫守护的玩家，同时女巫使用解药救该名玩家。（同守同救死亡）', '同守同救会导致守护的玩家死亡，但是女巫使用解药可以救活该玩家。', '女巫在同守同救中使用了解药。']"}
{"content": "前提：盲毒：在所有玩家没有发言过的情况下，女巫对一个身份未知的玩家使用毒药。  问题：['什么是盲毒？', '谁可以使用盲毒？', '盲毒是在什么情况下使用的？']  答案：", "summary": "['盲毒是在所有玩家没有发言过的情况下，女巫对一个身份未知的玩家使用毒药。', '只有女巫可以使用盲毒。', '盲毒是在所有玩家没有发言过的情况下使用的。']"}
{"content": "前提：骗药：使用方法套路让女巫用错解药的行为（一般为狼人自刀，骗取女巫解药）。  问题：['什么是骗药？', '骗药是哪个阵营的行为？', '骗药的使用方法是什么？']  答案：", "summary": "['骗药是指使用方法套路让女巫用错解药的行为。', '骗药一般是狼人的行为。', '骗药的使用方法是让女巫误用解药，一般是狼人自刀，骗取女巫解药。']"}
{"content": "前提：撒毒：女巫夜里使用毒药的行为。  问题：['撒毒是什么意思？', '女巫为什么要撒毒？', '撒毒会对游戏产生什么影响？']  答案：", "summary": "['撒毒是女巫夜里使用毒药的行为。', '女巫会撒毒来杀死狼人或救活被狼人杀死的好人玩家。', '撒毒会对游戏产生重大影响，因为它可以改变游戏的走向。']"}
{"content": "前提：可乐：女巫的毒药。  问题：['可乐是什么意思呢？', '可乐是狼人吗？', '可乐是哪个角色的物品？']  答案：", "summary": "['可乐是女巫的毒药。', '不是，可乐不是狼人。', '可乐是女巫的物品。']"}
{"content": "前提：验尸官：预言家验的玩家刚好被刀死。  问题：['验尸官是什么意思呢？', '验尸官能查验什么信息？', '验尸官能确定被刀的玩家身份吗？']  答案：", "summary": "['验尸官是在预言家验的玩家刚好被刀死时使用的角色。', '验尸官可以查验被刀的玩家身份。', '是的，验尸官可以确定被刀的玩家身份。']"}
{"content": "前提：票死/投死：指白天公投环节吃到最多票的玩家被放逐出局。  问题：['票死/投死是什么意思呢？', '票死/投死是在什么环节发生的？']  答案：", "summary": "['票死/投死指白天公投环节吃到最多票的玩家被放逐出局。', '票死/投死是在白天公投环节发生的。']"}
{"content": "前提：绑票/冲票：公投环节有计划的一起举票同一个人的行为。  问题：['什么是绑票/冲票？', '绑票/冲票是什么行为？', '公投环节中的绑票/冲票是什么意思？']  答案：", "summary": "['绑票/冲票是公投环节有计划的一起举票同一个人的行为。', '绑票/冲票是指在公投环节中，有人有意识地一起举票同一个人。', '公投环节中的绑票/冲票是指有人有意识地一起举票同一个人。']"}
{"content": "前提：分票：指好人势力没有统一举票同一名玩家，而分投多名玩家。  问题：['什么是分票？', '分票是好事还是坏事？', '为什么会出现分票现象？']  答案：", "summary": "['分票是指好人势力没有统一举票同一名玩家，而分投多名玩家。', '分票通常是坏事，因为会导致好人势力无法集中力量投票出狼人。', '分票现象通常是因为好人玩家对于狼人身份的判断不一致，或者是因为狼人在混淆视听。']"}
{"content": "前提：归票：具有归票权的玩家号召一起举票同一名玩家的行为（警长具有归票权）。  问题：['什么是归票？', '谁具有归票权？', '归票是什么行为？']  答案：", "summary": "['归票是具有归票权的玩家号召一起举票同一名玩家的行为。', '警长具有归票权。', '归票是举票同一名玩家的行为。']"}
{"content": "前提：拉票：争取其他玩家的票。  问题：['什么是拉票？', '拉票的目的是什么？', '谁会去拉票？']  答案：", "summary": "['拉票是争取其他玩家的票。', '拉票的目的是为了在游戏中获得更多的支持。', '在游戏中，任何人都可能会去拉票。']"}
{"content": "前提：绑票：就是几个人一起在投票之前就商量好投一个人，可以是狼，可以是三兄弟两姐妹  问题：['什么是绑票？', '绑票可以投谁？', '绑票是好人还是狼人常用的策略？']  答案：", "summary": "['绑票就是几个人一起在投票之前就商量好投一个人，可以是狼，可以是三兄弟两姐妹。', '绑票可以投任何人。', '绑票是狼人常用的策略。']"}
{"content": "前提：冲票：在拉倒好人票的时候，狼人一起把一个牌冲出局，好人也会抱团冲票，不过残局才会发生这种事情。狼队这时候一定要局气（义气），这是个抢轮次的游戏懂了吗？  问题：['什么是冲票？', '冲票是狼人的策略吗？', '为什么狼人要局气？']  答案：", "summary": "['冲票是在拉倒好人票的时候，狼人一起把一个牌冲出局的策略。', '不一定，好人也会抱团冲票。', '狼人要局气是因为这是个抢轮次的游戏，残局才会发生这种事情。']"}
{"content": "前提：压票：把好人票压下去，狼人冲票  问题：['压票是什么意思？', '压票是狼人的策略吗？', '压票是对好人有利还是对狼人有利？']  答案：", "summary": "['压票是把好人票压下去，狼人冲票。', '是，压票是狼人常用的策略。', '压票对狼人有利。']"}
{"content": "前提：放票：弃票  问题：['什么是放票？', '放票是什么意思？', '什么情况下会放票？']  答案：", "summary": "['放票是指弃票。', '放票是指不投票，或者投了无效票。', '在投票时，如果有人不想投票或者投了无效票，就可以称之为放票。']"}
{"content": "前提：跳/认：指声称自己是某一种身份牌，如跳预言家/认预言家。  问题：['什么是跳/认？', '跳/认可以用在哪些身份上？', '跳/认的作用是什么？']  答案：", "summary": "['跳/认是指声称自己是某一种身份牌，如跳预言家/认预言家。', '跳/认可以用在任何身份上。', '跳/认的作用是为了混淆其他玩家对自己身份的判断。']"}
{"content": "前提：踩：指出某个玩家发言不好的地方，做低其身份。  问题：['踩是什么意思？', '踩可以影响玩家的身份吗？', '什么情况下会被踩？']  答案：", "summary": "['踩是指出某个玩家发言不好的地方，贬低其身份。', '踩并不能直接影响玩家的身份。', '玩家在发言不当时会被其他玩家踩。']"}
{"content": "前提：污/脏：诬陷某个玩家，做低该玩家的身份。  问题：['污/脏是什么意思呢？', '污/脏是狼人吗？', '污/脏是好人吗？']  答案：", "summary": "['污/脏是诬陷某个玩家，做低该玩家的身份。', '不是，污/脏不是狼人。', '不是，污/脏是一种负面行为。']"}
{"content": "前提：抗推：多指好人在白天被公投出局，相当于为狼人扛了白天的一推。  问题：['什么是抗推？', '抗推是好人还是狼人？', '抗推是在什么情况下发生的？']  答案：", "summary": "['抗推是指好人在白天被公投出局，相当于为狼人扛了白天的一推。', '抗推是好人。', '抗推是在白天公投时发生的。']"}
{"content": "前提：深推：预言家死亡，而局势、身份尚未明朗，只能依靠猜测来进行投票推人。  问题：['什么情况下会出现深推？', '深推是什么意思？', '为什么会进行深推？']  答案：", "summary": "['当预言家死亡，而局势、身份尚未明朗，只能依靠猜测来进行投票推人时会出现深推。', '深推是指在没有预言家的情况下，玩家们只能依靠猜测来推理出狼人的身份。', '因为预言家死亡，无法查验身份，只能通过深入推理来找出狼人。']"}
{"content": "前提：挡刀：多指村民假装有身份或者跳出神的身份吸引狼人刀自己，从而保护神民。  问题：['挡刀是什么意思呢？', '挡刀是狼人吗？', '挡刀是如何保护神民的？']  答案：", "summary": "['挡刀是多指村民假装有身份或者跳出神的身份吸引狼人刀自己，从而保护神民。', '不是，挡刀是好人玩家。', '挡刀通过吸引狼人刀自己来保护神民。']"}
{"content": "前提：捞：指为发言不好的玩家开脱，避免其被抗推的发言行为。也指女巫夜间救人的行为。  问题：['捞的意思是什么呢？', '捞是为了什么而开脱玩家的发言行为？', '捞还可以指什么行为？']  答案：", "summary": "['捞指为发言不好的玩家开脱，避免其被抗推的发言行为。', '捞是为了避免发言不好的玩家被抗推。', '捞还可以指女巫夜间救人的行为。']"}
{"content": "前提：穿衣服：身份，比如一个民跳女巫的身份，则称穿女巫的衣服。  问题：['穿什么衣服可以表明身份？', '穿女巫的衣服是什么意思？']  答案：", "summary": "['如果身份是女巫，穿女巫的衣服可以表明身份。', '穿女巫的衣服表示身份是女巫。']"}
{"content": "前提：脱衣服：不认神的身份。  问题：['什么是脱衣服？', '脱衣服是什么身份？', '脱衣服是好人还是狼人？']  答案：", "summary": "['脱衣服是不认神的身份。', '脱衣服是神。', '脱衣服是好人。']"}
{"content": "前提：划水：不怎么发言或者发言没有信息没有意义。  问题：['划水是什么意思？', '划水的玩家是狼人吗？', '划水的玩家会对游戏有什么影响？']  答案：", "summary": "['划水指的是不怎么发言或者发言没有信息没有意义的玩家。', '不一定，划水的玩家可能是好人也可能是狼人。', '划水的玩家会使得游戏的讨论和推理变得困难，降低游戏的趣味性。']"}
{"content": "前提：狼坑：狼人的位置、号码。  问题：['什么是狼坑？', '狼坑是狼人的什么？', '狼坑有什么作用？']  答案：", "summary": "['狼坑是狼人的位置、号码。', '狼坑是狼人的标志。', '狼坑可以帮助狼人确定队友的位置。']"}
{"content": "前提：聊爆/爆狼发言：指玩家在发言中，不经意的暴露自己的狼人身份。  问题：['什么是聊爆/爆狼发言？', '狼人为什么要避免聊爆/爆狼发言？', '聊爆/爆狼发言会对游戏造成什么影响？']  答案：", "summary": "['聊爆/爆狼发言指玩家在发言中，不经意的暴露自己的狼人身份。', '狼人要避免聊爆/爆狼发言是因为会暴露自己的身份，让好人玩家更容易找到狼人。', '聊爆/爆狼发言会让游戏变得更加有趣和紧张，同时也会让好人玩家更容易找到狼人。']"}
{"content": "前提：裸打：亮明自己的身份来玩。  问题：['什么是裸打？', '裸打是狼人杀的一种玩法吗？', '裸打需要隐藏身份吗？']  答案：", "summary": "['裸打是亮明自己的身份来玩的一种狼人杀玩法。', '是的，裸打是狼人杀的一种玩法。', '不需要，裸打是亮明身份的玩法。']"}
{"content": "前提：四狼裸坐：指狼直接不刻意隐藏身份，不做深水狼倒钩狼，集体站边、冲票等。  问题：['四狼裸坐是什么意思？', '四狼裸坐是狼人游戏中的什么策略？', '四狼裸坐是否会暴露狼人身份？']  答案：", "summary": "['四狼裸坐指狼直接不刻意隐藏身份，不做深水狼倒钩狼，集体站边、冲票等。', '四狼裸坐是一种狼人游戏中的狼人策略，即狼人不刻意隐藏身份，而是直接站在一起，表现得像是一伙人。', '是的，四狼裸坐容易暴露狼人身份，因为狼人们会表现得过于协调，而不像是独立的个体。']"}
{"content": "前提：对话：发言的时候刻意说给某个玩家听（当然被对话玩家不能回答）。  问题：['对话是什么意思呢？', '对话是什么时候使用的？']  答案：", "summary": "['对话是发言的时候刻意说给某个玩家听的行为。', '对话是在游戏中被使用的。']"}
{"content": "前提：贴脸：指通过非逻辑的方式使自己在游戏过程中获益的发言，如“我发誓XXX”，“我是SS我XXX”等。这类发言影响游戏平衡，对其他玩家不公平（一般禁止贴脸）。  问题：['什么是贴脸？', '为什么贴脸会影响游戏平衡？', '贴脸的发言有哪些例子？']  答案：", "summary": "['贴脸指通过非逻辑的方式使自己在游戏过程中获益的发言。', '因为这类发言影响游戏平衡，对其他玩家不公平，一般禁止贴脸。', '例如“我发誓XXX”，“我是SS我XXX”等。']"}
{"content": "前提：带走：有身份的牌发动技能使其他玩家出局，如女巫毒药，白狼王自爆，猎人开枪等。  问题：['什么是带走？', '带走是哪些身份可以发动的？', '带走会导致其他玩家出局吗？']  答案：", "summary": "['带走是有身份的牌发动技能使其他玩家出局的行为。', '带走可以被女巫毒药、白狼王自爆、猎人开枪等身份发动。', '是的，带走会导致其他玩家出局。']"}
{"content": "前提：开枪：（猎人也称枪牌）指猎人死的时候发动技能开枪带走一名玩家。  问题：['什么是开枪？', '开枪是哪个角色的技能？', '开枪会带走谁？']  答案：", "summary": "['开枪是指猎人死的时候发动技能开枪带走一名玩家。', '开枪是猎人的技能。', '开枪会带走一名玩家。']"}
{"content": "前提：打煽动：强势煽动好人帮忙投票，一般方法：给一个好人对话，保他身份（用逻辑保） 或者对着他一阵猛打把他打晕。  问题：['打煽动是什么意思呢？', '打煽动是狼人吗？', '打煽动是如何煽动好人的？']  答案：", "summary": "['打煽动是强势煽动好人帮忙投票的意思。', '不是，打煽动是好人玩家。', '打煽动可以通过给一个好人对话，保护他的身份（用逻辑保）或者对着他一阵猛打把他打晕。']"}
{"content": "前提：诈身份：什么样的行为构成诈身份？1、发后置位查杀后，听完发言退水，然后警下补充发言。2、发警下查杀，因为你看牌的时候抿了挂相，白天到了抿了挂相，查杀他又抿了挂相是可以诈身份的。3、发后置位金水：很多人不理解为什么这样可以炸身份，当然可以，因为狼会顺着反水立警（别人给你发金水你不接还他妈跳预言家），但是由于准备不充分很可能发言变形。  问题：['什么是诈身份？', '哪些行为可以构成诈身份？', '为什么发后置位金水可以炸身份？']  答案：", "summary": "['诈身份是指狼人在游戏中故意伪装成好人身份的行为。', '发后置位查杀后，听完发言退水，然后警下补充发言；发警下查杀，因为你看牌的时候抿了挂相，白天到了抿了挂相，查杀他又抿了挂相；发后置位金水可以炸身份，因为狼会顺着反水立警，但是由于准备不充分很可能发言变形。']"}
{"content": "前提：推：票一个人出局，晚上狼队商量的时候比个号数然后做出推的手势，意思就是你抿出来他是个不挂身份的牌，且可以推出局  问题：['推是什么意思？', '推是在什么情况下使用的？', '推的手势是什么？']  答案：", "summary": "['推是指票一个人出局，晚上狼队商量的时候比个号数然后做出推的手势，意思就是你抿出来他是个不挂身份的牌，且可以推出局。', '推是在晚上狼队商量的时候使用的。', '推的手势是将手掌朝下，五指并拢，向前推出去。']"}
{"content": "前提：抿爆：强抿别人身份最后别人心理承受不住自爆。举例:面杀可能仅仅相视一笑，对方就自爆了。网杀多为聊爆了，即通过发言刺激对方自爆。  问题：['什么是抿爆？', '抿爆是什么行为？', '抿爆的举例有哪些？']  答案：", "summary": "['抿爆是强抿别人身份最后别人心理承受不住自爆的行为。', '抿爆是一种刺激对方自爆的行为。', '举例有面杀和网杀。']"}
{"content": "前提：爆刀/拍刀：自爆点刀，有白狼王可以直接爆刀带走某人  问题：['爆刀/拍刀是什么意思呢？', '爆刀/拍刀可以直接带走某人吗？']  答案：", "summary": "['爆刀/拍刀是自爆点刀，有白狼王可以直接爆刀带走某人。', '是的，爆刀/拍刀可以直接带走某人。']"}
{"content": "前提：点刀/指刀：指挥狼队杀某人  问题：['点刀是什么意思呢？', '指刀是什么意思呢？', '点刀是谁指挥的？']  答案：", "summary": "['点刀或指刀是指挥狼队杀某人。', '点刀或指刀是指挥狼队杀某人。', '点刀由狼队指挥的。']"}
{"content": "前提：强神：一般指女巫 猎人  问题：['强神是什么意思呢？', '强神是狼人吗？', '强神一般指哪些角色？']  答案：", "summary": "['强神是指女巫和猎人。', '不是，强神是好人玩家。', '强神一般指女巫和猎人。']"}
{"content": "前提：弱神：白痴  问题：['弱神是什么意思？', '弱神是好人还是狼人？']  答案：", "summary": "['弱神是白痴。', '弱神是好人玩家。']"}
{"content": "前提：枪：猎人  问题：['枪是什么意思呢？', '枪是狼人吗？', '枪是好人吗？']  答案：", "summary": "['枪是指猎人。', '不是，枪是好人。', '是的，枪是好人。']"}
{"content": "前提：认刀认推不认毒：猎人或者白痴  问题：['什么是认刀认推不认毒？', '是哪些身份会有认刀认推不认毒的情况？', '猎人和白痴会有什么情况下出现认刀认推不认毒？']  答案：", "summary": "['认刀认推不认毒是指在游戏中，猎人或白痴在被杀死前选择不使用自己的技能。', '只有猎人和白痴在被杀死前选择不使用自己的技能时才会出现认刀认推不认毒的情况。', '如果猎人或白痴在被杀死前选择不使用自己的技能，那么他们就会出现认刀认推不认毒的情况。']"}
{"content": "前提：自证：可以用技能自己证明自己身份  问题：['自证是什么意思呢？', '自证可以用在什么情况下？']  答案：", "summary": "['自证是可以用技能自己证明自己身份。', '自证可以在任何情况下使用。']"}
{"content": "前提：蛋牌：平民牌  问题：['蛋牌是什么意思呢？', '蛋牌是狼人吗？', '蛋牌是什么身份？']  答案：", "summary": "['蛋牌是平民牌。', '不是，蛋牌不是狼人。', '蛋牌是平民身份。']"}
{"content": "前提：先知：预言家  问题：['金水是什么意思？', '金水是狼人吗？', '金水只能被预言家查验吗？']  答案：", "summary": "['金水是在夜晚被预言家查验身份时查验出来或因骑士决斗而表明身份的好人玩家。', '不是，金水是好人玩家。', '不是，金水还可以因骑士决斗而表明身份。']"}
{"content": "前提：爱神：丘比特  问题：['爱神是谁？', '爱神的别名是什么？']  答案：", "summary": "['爱神是丘比特。', '爱神的别名是丘比特。']"}
{"content": "前提：混混：混血儿  问题：['混混是什么意思？', '混混是指哪种人？']  答案：", "summary": "['混混是混血儿。', '混混是指混血儿。']"}
{"content": "前提：金宝宝：双身份你拿了两个民牌  问题：['金宝宝是什么意思呢？', '金宝宝是好人玩家吗？', '金宝宝可以拿几个民牌？']  答案：", "summary": "['金宝宝是双身份，拿了两个民牌。', '金宝宝是好人玩家。', '金宝宝可以拿两个民牌。']"}
{"content": "前提：身份作好/做差：指一名玩家的身份是偏好人或者偏狼人。  问题：['身份作好/做差是什么意思？', '身份作好/做差指的是什么？', '什么是身份作好/做差？']  答案：", "summary": "['身份作好/做差指的是一名玩家的身份是偏好人或者偏狼人。']"}
{"content": "前提：高/低：身份好的则称身份高，身份差的则称为身份低。通常讲身份高低为神民>村民>狼人。一般双金水铁好人则称场上“身份最高”。  问题：['高/低的定义是什么？', '身份高低的顺序是什么？', '什么情况下会称为场上身份最高？']  答案：", "summary": "['身份好的则称身份高，身份差的则称为身份低。', '通常讲身份高低为神民>村民>狼人。', '一般双金水铁好人则称场上“身份最高”。']"}
{"content": "前提：乱民/暴民：通过发言或者某些行为来搅乱局势的村民。  问题：['乱民/暴民是什么意思？', '乱民/暴民是好人还是狼人？', '乱民/暴民是如何搅乱局势的？']  答案：", "summary": "['乱民/暴民是通过发言或者某些行为来搅乱局势的村民。', '乱民/暴民是好人玩家。', '乱民/暴民是通过发言或者某些行为来搅乱局势的。']"}
{"content": "前提：民及民以上：身份为民或者神。  问题：['民及民以上是什么意思呢？', '民及民以上是不是所有玩家都符合的条件？', '民及民以上包括哪些身份？']  答案：", "summary": "['民及民以上是指身份为民或者神。', '是的，所有玩家都符合这个条件。', '民及民以上包括身份为民和神的玩家。']"}
{"content": "前提：民及民以下：身份为民或者狼。  问题：['民及民以下是什么意思？', '民及民以下可以是什么身份？']  答案：", "summary": "['民及民以下是指身份为民或者狼。', '民及民以下可以是民或者狼。']"}
{"content": "前提：铁好人：指某位玩家必定是好人。  问题：['什么是铁好人？', '铁好人是好人还是狼人？', '铁好人是怎么确定的？']  答案：", "summary": "['铁好人是指某位玩家必定是好人。', '铁好人是好人。', '铁好人是通过某些特殊能力或者行为得出的结论。']"}
{"content": "前提：抿身份：试探并猜测出某个身份。比如抿神。  问题：['什么是抿身份？', '抿身份可以猜测哪些身份？']  答案：", "summary": "['抿身份是试探并猜测出某个身份。', '抿身份可以猜测出神的身份。']"}
{"content": "前提：炸身份：通过某些特定的假设行为，来试探某名玩家的身份，如其他身份警上跳预言家发后置位查 杀，试探其反应。  问题：['什么是炸身份？', '炸身份是用来干什么的？', '炸身份可以揭示玩家的真实身份吗？']  答案：", "summary": "['炸身份是通过某些特定的假设行为，来试探某名玩家的身份，如其他身份警上跳预言家发后置位查杀，试探其反应。', '炸身份是用来试探玩家的真实身份的。', '炸身份可以揭示玩家的真实身份，但并不总是有效。']"}
{"content": "前提：第三方：指除了好人阵营和狼人阵营之外的其它正营，一般存在与人狼恋、吹笛者等等。  问题：['第三方是什么意思？', '第三方是属于好人阵营还是狼人阵营？', '第三方有哪些角色？']  答案：", "summary": "['第三方指除了好人阵营和狼人阵营之外的其它正营，一般存在与人狼恋、吹笛者等等。', '第三方不属于好人阵营和狼人阵营，是另外一种阵营。', '第三方角色包括人狼恋、吹笛者等等。']"}
{"content": "前提：殉情：指丘比特局中，情侣的一方死亡，另外一方也跟着出局。  问题：['什么是殉情？', '丘比特局中的殉情是什么意思？', '情侣死亡后会发生什么？']  答案：", "summary": "['殉情是指丘比特局中，情侣的一方死亡，另外一方也跟着出局。', '丘比特局中的殉情是指情侣死亡后另一方也会出局。', '情侣死亡后，另一方也会跟着出局，这就是殉情。']"}
{"content": "前提：链子：指有丘比特的局中被连成情侣的两名玩家，比如：5号8号为链子。  问题：['链子是什么意思？', '有丘比特的局中，链子是怎么形成的？', '丘比特连成的情侣被称为什么？']  答案：", "summary": "['链子指有丘比特的局中被连成情侣的两名玩家，比如：5号8号为链子。', '在有丘比特的局中，当丘比特选择两名玩家连成情侣时，这两名玩家就形成了链子。', '丘比特连成的情侣被称为链子。']"}
{"content": "前提：铁狼：指某位玩家必定是狼。  问题：['什么是铁狼？', '铁狼是好人还是狼人？', '铁狼是如何确定的？']  答案：", "summary": "['铁狼指某位玩家必定是狼。', '铁狼是狼人。', '铁狼是通过某种方式确定的，具体方式可能因不同游戏规则而异。']"}
{"content": "前提：隐狼：一般指隐藏着的狼，游戏前半段都没暴露，类似深水狼。  问题：['隐狼是什么意思？', '隐狼什么时候会暴露身份？', '隐狼和深水狼有什么区别？']  答案：", "summary": "['隐狼一般指隐藏着的狼，游戏前半段都没暴露。', '隐狼会在游戏后半段暴露身份。', '隐狼和深水狼都是指隐藏着的狼，但深水狼更强调在游戏后半段才暴露身份。']"}
{"content": "前提：深水狼：隐藏得很深没有把自己做成焦点牌的狼  问题：['深水狼是什么意思？', '深水狼是狼人吗？', '深水狼会做焦点牌吗？']  答案：", "summary": "['深水狼是隐藏得很深没有把自己做成焦点牌的狼。', '是，深水狼是狼人。', '不会，深水狼不会做焦点牌。']"}
{"content": "前提：浅水狼：被众人怀疑的狼牌，发言小爆，可以推，是焦点牌。很多朋友说三个浅水狼不如一个深水狼。但是浅水狼玩好了也是强，浅水狼完全可以故意聊爆给队友踩，做身份，等于变相保护狼同伴，通过自爆或放逐遗言认狼走等，变相做高狼同伴身份。  问题：['浅水狼是什么意思呢？', '浅水狼可以被怀疑吗？', '浅水狼可以保护狼同伴吗？']  答案：", "summary": "['浅水狼是被众人怀疑的狼牌，发言小爆，可以推，是焦点牌。', '是的，浅水狼可以被怀疑。', '是的，浅水狼可以故意聊爆给队友踩，做身份，等于变相保护狼同伴。']"}
{"content": "前提：金刚狼：全场人好身份的狼牌，是焦点牌，但是大家对你深信不移，三头深水狼不如一头金刚狼。具体怎么把自己做成金刚狼，首先你要发言无敌，其次你要状态无敌，要不然就只能刀死一个没认身份的神然后穿他的衣服。  问题：['金刚狼是什么身份？', '金刚狼为什么是焦点牌？', '怎样才能成为金刚狼？']  答案：", "summary": "['金刚狼是全场人好身份的狼牌。', '因为大家对金刚狼深信不移，认为三头深水狼不如一头金刚狼。', '要发言无敌，状态无敌，或者刀死一个没认身份的神然后穿他的衣服。']"}
{"content": "前提：悍跳狼：起来跳预言家的狼，狼不跳预输一半。单边预对于狼队是即为不利的。  问题：['悍跳狼是什么意思？', '悍跳狼是狼人吗？', '为什么悍跳狼是对狼队不利的？']  答案：", "summary": "['悍跳狼是起来跳预言家的狼，狼不跳预输一半。', '是，悍跳狼是狼人。', '因为单边预对于狼队是即为不利的。']"}
{"content": "前提：倒钩狼：身为狼队却站队真预言家的狼。  问题：['什么是倒钩狼？', '倒钩狼是好人还是狼人？', '倒钩狼为什么会站队真预言家？']  答案：", "summary": "['倒钩狼是身为狼队却站队真预言家的狼。', '倒钩狼是狼人。', '倒钩狼为了混淆好人视听而站队真预言家。']"}
{"content": "前提：山洞狼：躲在山洞里的狼，和深水略像，但是比较有存在感一些，全程是要分析的  问题：['山洞狼是什么角色？', '山洞狼和深水有什么区别？', '山洞狼需要怎样分析？']  答案：", "summary": "['山洞狼是狼人阵营的一个角色，躲在山洞里。', '山洞狼和深水都是狼人阵营的角色，但是山洞狼比较有存在感。', '需要通过分析其他玩家的言行来推断出山洞狼的身份。']"}
{"content": "前提：狼金狼：狼队一人悍跳预言家，发给一个视野内的好人牌金水，在警徽流中埋下狼队友，也可在警徽流中先不留，听到警下发言时，再更换警徽流时加入狼队友。或者给狼队打倒勾，不站边自己的狼队友发金水做身份。  问题：['什么是狼金狼？', '狼金狼的作用是什么？', '狼金狼如何使用？']  答案：", "summary": "['狼金狼是狼队一人悍跳预言家，发给一个视野内的好人牌金水，在警徽流中埋下狼队友，也可在警徽流中先不留，听到警下发言时，再更换警徽流时加入狼队友。或者给狼队打倒勾，不站边自己的狼队友发金水做身份。', '狼金狼的作用是在警徽流中埋下狼队友，或者让狼队友发金水做身份。', '狼金狼可以通过悍跳预言家来使用，发给一个视野内的好人牌金水。']"}
{"content": "前提：狼踩狼：倒勾狼与悍跳狼队预言家即为一种狼踩狼。但更多时候是两张非悍跳预言家狼牌之间互踩。大部分因为号码位置接近而采取的一种方法。但不绝对，也可能隔空互踩。形成不共边的对立面假象。  问题：['什么是狼踩狼？', '狼踩狼是狼人游戏中的什么规则？', '狼踩狼是怎么形成的？']  答案：", "summary": "['狼踩狼是指两个狼人互相认为对方是狼人的情况。', '狼踩狼是狼人游戏中的一种规则。', '狼踩狼通常是因为两个狼人的号码位置接近而采取的一种方法，但也可能隔空互踩。']"}
{"content": "前提：倒勾：指狼队站队真预言家队伍的行为。通过发言，投票，互踩，甚至出卖自己狼队给自己做身份，站队真预言家队伍。即把自己不当狼，完全当做好人牌来打。  问题：['倒勾是什么意思？', '倒勾是狼人的行为吗？', '倒勾是如何表现出来的？']  答案：", "summary": "['倒勾指狼队站队真预言家队伍的行为。通过发言，投票，互踩，甚至出卖自己狼队给自己做身份，站队真预言家队伍。即把自己不当狼，完全当做好人牌来打。', '是，倒勾是狼人的行为。', '倒勾表现出来的方式有很多，比如发言、投票、互踩、出卖自己狼队等。']"}
{"content": "前提：阴阳倒勾：狼队友悍跳预言家发狼队友查杀，狼队友死站另外一个预言家的边，并且跳猎人，死踩自己的狼队友，最终跳猎人的狼队友肯定会被真猎人归出局或者被真猎人带走，好人知道这个狼队友是铁狼以后，会死站边自己的狼队友悍跳预言家，从而使狼队获得胜利。  问题：['什么是阴阳倒勾？', '阴阳倒勾的胜利条件是什么？', '好人如何识别阴阳倒勾？']  答案：", "summary": "['阴阳倒勾是指狼队友悍跳预言家发狼队友查杀，狼队友死站另外一个预言家的边，并且跳猎人，死踩自己的狼队友，最终跳猎人的狼队友肯定会被真猎人归出局或者被真猎人带走，好人知道这个狼队友是铁狼以后，会死站边自己的狼队友悍跳预言家，从而使狼队获得胜利。', '阴阳倒勾的胜利条件是使狼队获得胜利。', '好人可以通过阴阳倒勾的行为来识别阴阳倒勾。']"}
{"content": "前提：螺旋倒勾/旋风阴阳倒钩：站边狼队友悍跳预言家，被人盘成阴阳倒钩，导致真预言家被推。  问题：['螺旋倒勾/旋风阴阳倒钩是什么意思呢？', '螺旋倒勾/旋风阴阳倒钩是狼人吗？', '螺旋倒勾/旋风阴阳倒钩会导致真预言家被推吗？']  答案：", "summary": "['螺旋倒勾/旋风阴阳倒钩是站边狼队友悍跳预言家，被人盘成阴阳倒钩，导致真预言家被推。', '不是，螺旋倒勾/旋风阴阳倒钩不是狼人。', '是的，螺旋倒勾/旋风阴阳倒钩会导致真预言家被推。']"}
